1446990149, 0,124.3052,124.3052,0.0000,-7.4638
1446990156, 0,124.3029,124.3029,0.0000,-7.4614
1446990175, 0,124.1513,124.1513,0.0000,-7.3292
1446990185, 0,124.0976,124.0976,0.0000,-7.2641
1446990214, 0,123.9605,123.9605,0.0000,-7.1622
1446990327, 0,123.9605,123.9605,0.0000,-7.1622
1446990344, 0,123.3550,123.3550,0.0000,-6.4095
1446990360, 0,123.2721,123.2721,0.0000,-6.4095
1446990377, 0,123.1664,123.1664,0.0000,-6.3306
1446990394, 0,123.0634,123.0634,0.0000,-6.1993
1446990414, 0,122.9090,122.9090,0.0000,-6.0306
1446990427, 0,122.9090,122.9090,0.0000,-6.0306
1446990449, 0,122.7315,122.7315,0.0000,-5.8456
1446990460, 0,122.7315,122.7315,0.0000,-5.7373
1446990479, 0,122.5562,122.5562,0.0000,-5.6802
1446990497, 0,122.4660,122.4660,0.0000,-5.5740
1446990510, 0,122.4660,122.4660,0.0000,-5.5740
1446990527, 0,122.2252,122.2252,0.0000,-5.0821
1446990543, 0,122.2252,122.2252,0.0000,-5.0821
1446990560, 0,122.1595,122.1595,0.0000,-4.8449
1446990577, 0,122.0803,122.0803,0.0000,-4.6814
1446990594, 0,121.9698,121.9698,0.0000,-4.3417
1446990610, 0,121.9698,121.9698,0.0000,-4.3417
1446990627, 0,121.9356,121.9356,0.0000,-4.0232
1446990648, 0,121.9841,121.9841,0.0000,-3.8512
1446990660, 0,121.9841,121.9841,0.0000,-3.8512
1446990677, 0,122.0507,122.0507,0.0000,-3.6952
1446990693, 0,122.1832,122.1832,0.0000,-3.5866
1446990710, 0,122.3769,122.3769,0.0000,-3.4709
1446990729, 0,122.6108,122.6108,0.0000,-3.3112
1446990743, 0,123.0051,123.0051,0.0000,-3.0911
1446990760, 0,123.4547,123.4547,0.0000,-2.9603
1446990778, 0,123.9966,123.9966,0.0000,-2.8796
1446990794, 0,124.6523,124.6523,0.0000,-2.7806
1446990810, 0,125.3517,125.3517,0.0000,-2.7171
1446990830, 0,126.1674,126.1674,0.0000,-2.6162
1446990843, 0,127.0345,127.0345,0.0000,-2.6162
1446990862,21,128.7718,128.7718,0.0000,-2.3704
1446990877,31,128.7718,128.7718,0.0000,-2.0350
1446990893,52,130.8941,130.8941,0.0000,-1.4576
1446990912,61,130.8941,130.8941,0.0000,-1.4576
1446990930,81,132.8124,132.8124,0.0000,0.7540
1446990946,102,132.8124,132.8124,0.0000,1.9009
1446990961,113,133.8788,133.8788,0.0000,1.9009
1446990979,133,136.6691,136.6691,0.0000,3.1764
1446990994,143,136.6691,136.6691,0.0000,3.1764
1446991010,163,138.1694,138.1694,0.0000,3.5254
1446991028,184,140.8674,140.8674,0.0000,4.0790
1446991043,194,140.8500,140.8500,0.0000,4.0439
1446991061,214,142.0202,142.0202,0.0000,4.2625
1446991078,234,143.0938,143.0938,0.0000,4.6522
1446991093,244,144.2519,144.2519,0.0000,5.0474
1446991111,265,145.3669,145.3669,0.0000,5.3781
1446991128,285,147.4284,147.4284,0.0000,5.6934
1446991143,296,147.4284,147.4284,0.0000,5.6934
1446991161,316,148.3850,148.3850,0.0000,5.7830
1446991177,327,149.3649,149.3649,0.0000,5.9702
1446991195,347,150.2024,150.2024,0.0000,6.1880
1446991212,367,150.9742,150.9742,0.0000,6.3755
1446991227,377,152.5581,152.5581,0.0000,6.7187
1446991243,398,152.5581,152.5581,0.0000,6.7187
1446991261,419,153.2993,153.2993,0.0000,6.8339
1446991276,430,154.1231,154.1231,0.0000,6.7191
1446991294,450,156.0115,156.0115,0.0000,6.4937
1446991310,460,156.0115,156.0115,0.0000,6.4937
1446991328,480,157.0787,157.0787,0.0000,6.1304
1446991343,501,158.2990,158.2990,0.0000,5.7292
1446991360,510,159.4726,159.4726,0.0000,5.3545
1446991377,531,160.6967,160.6967,0.0000,4.5402
1446991394,552,161.8407,161.8407,0.0000,4.5402
1446991410,563,162.9863,162.9863,0.0000,4.2303
1446991429,583,164.1200,164.1200,0.0000,3.8808
1446991443,594,165.2198,165.2198,0.0000,3.4295
1446991461,615,166.2637,166.2637,0.0000,2.4567
1446991476,635,168.2544,168.2544,0.0000,1.7430
1446991494,646,168.2544,168.2544,0.0000,1.7430
1446991510,666,169.1868,169.1868,0.0000,1.3529
1446991528,686,170.1112,170.1112,0.0000,0.9504
1446991544,697,170.9558,170.9558,0.0000,1.3108
1446991561,718,171.7276,171.7276,0.0000,1.3108
1446991585,737,173.0045,173.0045,0.0000,4.0170
1446991594,747,173.0045,173.0045,0.0000,4.0170
1446991611,767,174.3636,174.3636,0.0000,6.3024
1446991627,778,174.3636,174.3636,0.0000,7.9149
1446991644,799,175.0699,175.0699,0.0000,7.9149
1446991660,809,175.7227,175.7227,0.0000,8.3069
1446991677,829,176.2303,176.2303,0.0000,1.8977
1446991694,850,176.5363,176.5363,0.0000,1.3401
1446991710,859,176.7195,176.7195,0.0000,-4.0300
1446991728,880,176.8695,176.8695,0.0000,-15.3014
1446991744,900,176.8536,176.8536,0.0000,-19.3543
1446991760,911,176.7858,176.7858,0.0000,-19.1257
1446991777,930,176.6424,176.6424,0.0000,-21.6251
1446991794,950,176.4624,176.4624,0.0000,-21.7768
1446991810,960,176.2961,176.2961,0.0000,-21.6607
1446991828,982,176.1668,176.1668,0.0000,-18.6080
1446991844,992,176.0912,176.0912,0.0000,-17.2717
1446991860,1013,176.0181,176.0181,0.0000,-17.2717
1446991878,1034,175.8207,175.8207,0.0000,-15.5501
1446991894,1045,175.8207,175.8207,0.0000,-15.5501
1446991910,1065,175.6769,175.6769,0.0000,-13.0927
1446991928,1085,175.5072,175.5072,0.0000,-9.3167
1446991944,1095,175.3371,175.3371,0.0000,-8.2507
1446991961,1115,175.0288,175.0288,0.0000,-8.0829
1446991977,1136,175.0418,175.0418,0.0000,-7.9529
1446991994,1147,174.9134,174.9134,0.0000,-7.7432
1446992010,1166,174.8484,174.8484,0.0000,-7.5934
1446992028,1177,174.8490,174.8490,0.0000,-8.2627
1446992043,1198,174.8623,174.8623,0.0000,-8.2627
1446992060,1217,174.8527,174.8527,0.0000,-8.7304
1446992077,1227,174.8100,174.8100,0.0000,-9.4638
1446992094,1247,174.7283,174.7283,0.0000,-9.4638
1446992111,1268,174.5764,174.5764,0.0000,-10.8760
1446992152,1308,174.5764,174.5764,0.0000,-10.8760
1446992177,1329,174.4541,174.4541,0.0000,-12.3940
1446992194,1349,174.2632,174.2632,0.0000,-13.6841
1446992209,1360,174.2117,174.2117,0.0000,-13.6407
1446992227,1380,174.1764,174.1764,0.0000,-14.2910
1446992244,1400,174.1426,174.1426,0.0000,-16.1809
1446992286,1442,174.1338,174.1338,0.0000,-16.7288
1446992294,1452,174.1366,174.1366,0.0000,-16.7082
1446992309,1463,174.1400,174.1400,0.0000,-16.8856
1446992328,1483,174.2321,174.2321,0.0000,-16.9944
1446992343,1493,174.3751,174.3751,0.0000,-17.0077
1446992360,1515,174.4629,174.4629,0.0000,-17.2080
1446992376,1525,174.5192,174.5192,0.0000,-17.7560
1446992394,1547,174.5169,174.5169,0.0000,-17.6464
1446992410,1567,174.5662,174.5662,0.0000,-17.0823
1446992428,1577,174.6346,174.6346,0.0000,-16.3563
1446992444,1599,174.7684,174.7684,0.0000,-15.4375
1446992461,1610,174.8911,174.8911,0.0000,-15.4375
1446992477,1631,175.1069,175.1069,0.0000,-14.6961
1446992493,1651,175.1069,175.1069,0.0000,-14.6961
1446992510,1661,175.2700,175.2700,0.0000,-14.1286
1446992527,1681,175.4146,175.4146,0.0000,-13.6527
1446992543,1701,175.6017,175.6017,0.0000,-13.2370
1446992560,1711,175.7838,175.7838,0.0000,-12.3140
1446992577,1732,175.7838,175.7838,0.0000,-12.3140
1446992595,1752,175.8165,175.8165,0.0000,-11.2557
1446992610,1762,175.8470,175.8470,0.0000,-11.1933
1446992627,1781,175.9641,175.9641,0.0000,-9.8803
1446992643,1802,176.0518,176.0518,0.0000,-10.0223
1446992661,1812,176.0518,176.0518,0.0000,-10.0223
1446992677,1832,176.1782,176.1782,0.0000,-10.8683
1446992693,1843,176.2729,176.2729,0.0000,-11.5615
1446992710,1863,176.3777,176.3777,0.0000,-13.9626
1446992728,1883,176.4898,176.4898,0.0000,-13.9343
1446992743,1893,176.5977,176.5977,0.0000,-14.8719
1446992760,1915,176.6960,176.6960,0.0000,-16.3023
1446992776,1926,176.9386,176.9386,0.0000,-18.5000
1446992794,1946,176.9535,176.9535,0.0000,-19.9262
1446992810,1966,177.0995,177.0995,0.0000,-19.9262
1446992827,1976,177.2378,177.2378,0.0000,-24.4805
1446992843,1997,177.3804,177.3804,0.0000,-24.4805
1446992860,2017,177.4699,177.4699,0.0000,-26.8103
1446992876,2027,177.5870,177.5870,0.0000,-29.3542
1446992893,2048,177.7352,177.7352,0.0000,-33.3404
1446992910,2068,177.8992,177.8992,0.0000,-32.8213
1446992927,2078,178.1346,178.1346,0.0000,-36.6731
1446992943,2098,178.1346,178.1346,0.0000,-36.6731
1446992960,2118,178.2122,178.2122,0.0000,-37.7234
1446992977,2129,178.2966,178.2966,0.0000,-40.2895
1446992994,2150,178.3113,178.3113,0.0000,-41.1209
1446993009,2161,178.2944,178.2944,0.0000,-40.7239
1446993027,2182,178.2324,178.2324,0.0000,-40.3063
1446993043,2193,178.1028,178.1028,0.0000,-38.6531
1446993060,2213,177.9731,177.9731,0.0000,-37.7285
1446993078,2232,177.6490,177.6490,0.0000,-35.2556
1446993096,2252,177.4892,177.4892,0.0000,-33.8725
1446993111,2262,177.2776,177.2776,0.0000,-32.7228
1446993127,2282,177.0936,177.0936,0.0000,-31.0550
1446993143,2292,177.0936,177.0936,0.0000,-31.0550
1446993160,2312,176.9899,176.9899,0.0000,-29.9556
1446993176,2333,176.8792,176.8792,0.0000,-30.4452
1446993193,2343,176.8040,176.8040,0.0000,-30.5210
1446993209,2363,176.7423,176.7423,0.0000,-30.6069
1446993226,2383,176.7275,176.7275,0.0000,-30.7066
1446993243,2394,176.7136,176.7136,0.0000,-31.5584
1446993260,2415,176.6712,176.6712,0.0000,-32.0612
1446993277,2435,176.6446,176.6446,0.0000,-32.6969
1446993294,2445,176.6362,176.6362,0.0000,-32.2513
1446993310,2465,176.6362,176.6362,0.0000,-32.0547
1446993327,2486,176.7549,176.7549,0.0000,-31.6430
1446993343,2496,176.7589,176.7589,0.0000,-31.7382
1446993360,2516,176.8229,176.8229,0.0000,-32.0456
1446993377,2526,176.8912,176.8912,0.0000,-31.8993
1446993394,2547,176.9401,176.9401,0.0000,-32.6125
1446993410,2568,177.0413,177.0413,0.0000,-32.6125
1446993427,2577,177.0720,177.0720,0.0000,-33.1025
1446993443,2598,177.1086,177.1086,0.0000,-33.1929
1446993461,2618,177.1048,177.1048,0.0000,-33.6575
1446993476,2628,177.1564,177.1564,0.0000,-33.7124
1446993494,2648,177.2253,177.2253,0.0000,-33.4027
1446993510,2659,177.2990,177.2990,0.0000,-33.3073
1446993527,2680,177.6009,177.6009,0.0000,-33.6695
1446993543,2700,177.6033,177.6033,0.0000,-33.9726
1446993560,2710,177.6483,177.6483,0.0000,-35.4101
1446993577,2732,177.8179,177.8179,0.0000,-34.8682
1446993594,2743,177.9947,177.9947,0.0000,-35.0639
1446993610,2765,178.1664,178.1664,0.0000,-36.4166
1446993627,2784,178.2858,178.2858,0.0000,-38.7464
1446993643,2794,178.3820,178.3820,0.0000,-40.3833
1446993660,2814,178.4743,178.4743,0.0000,-40.7694
1446993676,2834,178.5298,178.5298,0.0000,-42.3074
1446993694,2844,178.5435,178.5435,0.0000,-43.7977
1446993710,2864,178.5036,178.5036,0.0000,-43.7977
1446993727,2884,178.4617,178.4617,0.0000,-43.3118
1446993743,2894,178.3809,178.3809,0.0000,-41.7764
1446993760,2915,178.2829,178.2829,0.0000,-40.4232
1446993776,2925,178.2107,178.2107,0.0000,-38.4492
1446993794,2945,178.1769,178.1769,0.0000,-38.4492
1446993810,2966,178.2122,178.2122,0.0000,-38.6676
1446993827,2977,178.2269,178.2269,0.0000,-38.2973
1446993842,2996,178.2245,178.2245,0.0000,-38.0081
1446993860,3017,178.1915,178.1915,0.0000,-36.8859
1446993876,3027,178.1915,178.1915,0.0000,-36.8859
1446993894,3048,178.3198,178.3198,0.0000,-36.4998
1446993910,3067,178.3839,178.3839,0.0000,-36.6593
1446993927,3077,178.4627,178.4627,0.0000,-35.8252
1446993943,3097,178.4627,178.4627,0.0000,-35.8252
1446993960,3118,178.5315,178.5315,0.0000,-37.0915
1446993976,3127,178.6123,178.6123,0.0000,-38.2288
1446993994,3148,178.7616,178.7616,0.0000,-39.2886
1446994010,3158,178.8898,178.8898,0.0000,-40.1317
1446994027,3180,179.0152,179.0152,0.0000,-44.4213
1446994043,3199,179.1749,179.1749,0.0000,-44.4213
1446994060,3219,179.3210,179.3210,0.0000,-52.3405
1446994076,3229,179.4542,179.4542,0.0000,-56.9421
1446994094,3250,179.5542,179.5542,0.0000,-56.9421
1446994109,3260,179.6197,179.6197,0.0000,-60.0552
1446994127,3280,179.6967,179.6967,0.0000,-64.7940
1446994144,3301,179.7721,179.7721,0.0000,-71.2680
1446994159,3311,179.8162,179.8162,0.0000,-75.1564
1446994177,3332,179.8427,179.8427,0.0000,-77.4683
1446994193,3342,179.8105,179.8105,0.0000,-75.7855
1446994210,3362,179.7799,179.7799,0.0000,-74.1026
1446994227,3382,179.7431,179.7431,0.0000,-71.4030
1446994243,3392,179.7164,179.7164,0.0000,-70.3396
1446994261,3414,179.6460,179.6460,0.0000,-65.5022
1446994277,3434,179.5560,179.5560,0.0000,-60.8621
1446994293,3444,179.4339,179.4339,0.0000,-55.7488
1446994310,3464,179.3514,179.3514,0.0000,-51.7008
1446994327,3485,179.2595,179.2595,0.0000,-48.7935
1446994342,3496,179.1217,179.1217,0.0000,-43.6833
1446994360,3516,179.0515,179.0515,0.0000,-41.4855
1446994376,3526,178.9748,178.9748,0.0000,-38.1946
1446994393,3547,179.0054,179.0054,0.0000,-36.1184
1446994409,3567,178.9756,178.9756,0.0000,-33.3758
1446994427,3578,178.9165,178.9165,0.0000,-29.9038
1446994443,3599,178.8399,178.8399,0.0000,-24.8261
1446994460,3609,178.7465,178.7465,0.0000,-19.7545
1446994476,3630,178.6285,178.6285,0.0000,-13.5930
1446994493,3650,178.4905,178.4905,0.0000,-13.5930
1446994510,3660,178.3268,178.3268,0.0000,-11.0417
1446994527,3680,178.1880,178.1880,0.0000,-8.6971
1446994543,3701,178.0706,178.0706,0.0000,-7.3654
1446994560,3712,177.8920,177.8920,0.0000,-6.7052
1446994576,3734,177.7697,177.7697,0.0000,-6.8535
1446994594,3744,177.6988,177.6988,0.0000,-6.7352
1446994610,3765,177.7075,177.7075,0.0000,-7.3340
1446994627,3776,177.7580,177.7580,0.0000,-9.2486
1446994643,3798,177.8235,177.8235,0.0000,-9.2486
1446994660,3819,177.8593,177.8593,0.0000,-11.6254
1446994676,3830,177.8954,177.8954,0.0000,-12.6755
1446994693,3850,177.9288,177.9288,0.0000,-13.3306
1446994710,3860,177.9854,177.9854,0.0000,-16.9994
1446994727,3881,177.9989,177.9989,0.0000,-16.9994
1446994744,3900,177.9582,177.9582,0.0000,-18.4607
1446994759,3910,177.8975,177.8975,0.0000,-19.2523
1446994777,3932,177.8443,177.8443,0.0000,-20.0214
1446994793,3951,177.9010,177.9010,0.0000,-21.1713
1446994810,3961,177.9951,177.9951,0.0000,-22.3409
1446994827,3981,178.0533,178.0533,0.0000,-24.9626
1446994843,3992,178.0973,178.0973,0.0000,-25.9441
1446994861,4013,178.2379,178.2379,0.0000,-29.5599
1446994877,4033,178.2382,178.2382,0.0000,-32.7577
1446994893,4043,178.3238,178.3238,0.0000,-32.7577
1446994909,4063,178.4146,178.4146,0.0000,-36.0145
1446994926,4084,178.5009,178.5009,0.0000,-42.0147
1446994942,4095,178.6339,178.6339,0.0000,-42.0147
1446994960,4115,178.7370,178.7370,0.0000,-43.9952
1446994976,4125,178.8093,178.8093,0.0000,-43.9952
1446994993,4145,178.8694,178.8694,0.0000,-44.5154
1446995009,4167,178.9704,178.9704,0.0000,-48.2639
1446995027,4176,179.0845,179.0845,0.0000,-56.9264
1446995043,4197,179.2245,179.2245,0.0000,-56.9264
1446995060,4216,179.3226,179.3226,0.0000,-60.1413
1446995076,4226,179.4303,179.4303,0.0000,-69.9530
1446995093,4246,179.5389,179.5389,0.0000,-69.9530
1446995109,4267,179.5777,179.5777,0.0000,-72.0969
1446995127,4278,179.6208,179.6208,0.0000,-76.9230
1446995143,4299,179.6884,179.6884,0.0000,-76.9230
1446995160,4310,179.7735,179.7735,0.0000,-83.5498
1446995177,4331,179.8495,179.8495,0.0000,-83.8839
1446995193,4350,179.9506,179.9506,0.0000,-88.1185
1446995209,4361,179.9823,179.9823,0.0000,-89.2608
1446995227,4382,179.9796,179.9796,0.0000,-88.5134
1446995243,4391,179.9581,179.9581,0.0000,-88.5134
1446995260,4412,179.8836,179.8836,0.0000,-86.0064
1446995277,4431,179.7918,179.7918,0.0000,-82.7596
1446995293,4451,179.7918,179.7918,0.0000,-82.7596
1446995309,4461,179.7388,179.7388,0.0000,-80.9795
1446995327,4482,179.6354,179.6354,0.0000,-77.0862
1446995343,4491,179.6354,179.6354,0.0000,-77.0862
1446995360,4512,179.5610,179.5610,0.0000,-74.9335
1446995376,4532,179.4818,179.4818,0.0000,-72.0797
1446995395,4553,179.1863,179.1863,0.0000,-63.8713
1446995409,4563,179.1863,179.1863,0.0000,-63.8713
1446995426,4585,179.1072,179.1072,0.0000,-62.2695
1446995442,4595,179.1471,179.1471,0.0000,-63.7224
1446995460,4616,179.2244,179.2244,0.0000,-66.4697
1446995476,4627,179.3021,179.3021,0.0000,-70.9598
1446995493,4647,179.2982,179.2982,0.0000,-71.8358
1446995509,4667,179.3173,179.3173,0.0000,-71.8358
1446995527,4677,179.2741,179.2741,0.0000,-70.8182
1446995543,4697,179.2457,179.2457,0.0000,-70.8182
1446995560,4718,179.2384,179.2384,0.0000,-70.3366
1446995576,4728,179.2646,179.2646,0.0000,-70.8041
1446995593,4748,179.2970,179.2970,0.0000,-71.4344
1446995609,4759,179.2348,179.2348,0.0000,-66.9279
1446995627,4781,179.1468,179.1468,0.0000,-63.9519
1446995642,4791,179.0497,179.0497,0.0000,-63.4800
1446995660,4811,178.8707,178.8707,0.0000,-58.0540
1446995676,4831,178.5920,178.5920,0.0000,-51.1973
1446995693,4851,178.3014,178.3014,0.0000,-46.1781
1446995709,4861,178.0473,178.0473,0.0000,-41.3015
1446995727,4881,177.7686,177.7686,0.0000,-36.6780
1446995742,4891,177.2818,177.2818,0.0000,-36.7486
1446995760,4913,176.8561,176.8561,0.0000,-31.6915
1446995776,4934,175.8681,175.8681,0.0000,-30.3568
1446995793,4945,175.8681,175.8681,0.0000,-30.3568
1446995810,4965,175.3784,175.3784,0.0000,-29.2627
1446995826,4975,174.9320,174.9320,0.0000,-26.6440
1446995842,4996,174.4621,174.4621,0.0000,-23.4549
1446995860,5017,174.0145,174.0145,0.0000,-19.6086
1446995876,5027,173.6267,173.6267,0.0000,-15.1541
1446995893,5048,173.2214,173.2214,0.0000,-15.1541
1446995909,5059,172.7959,172.7959,0.0000,-13.4821
1446995927,5080,172.3924,172.3924,0.0000,-10.6677
1446995942,5101,172.0554,172.0554,0.0000,-10.6581
1446995960,5111,171.6829,171.6829,0.0000,-9.2939
1446995976,5131,171.3120,171.3120,0.0000,-6.7212
1446995993,5151,170.9198,170.9198,0.0000,-6.7212
1446996009,5161,170.5239,170.5239,0.0000,-5.8542
1446996026,5181,170.1988,170.1988,0.0000,-5.1784
1446996042,5191,169.9028,169.9028,0.0000,-4.6608
1446996059,5211,169.6136,169.6136,0.0000,-4.0818
1446996075,5231,169.1529,169.1529,0.0000,-3.0730
1446996093,5251,169.1483,169.1483,0.0000,-3.0559
1446996109,5261,169.0172,169.0172,0.0000,-2.3497
1446996127,5282,168.9022,168.9022,0.0000,-2.7041
1446996142,5292,168.8264,168.8264,0.0000,-2.7041
1446996160,5313,168.8779,168.8779,0.0000,-3.5975
1446996176,5333,168.9390,168.9390,0.0000,-4.6928
1446996193,5343,169.1073,169.1073,0.0000,-6.1580
1446996210,5364,169.3107,169.3107,0.0000,-7.7626
1446996226,5385,169.6277,169.6277,0.0000,-12.2553
1446996242,5394,169.8754,169.8754,0.0000,-12.2553
1446996259,5414,170.1817,170.1817,0.0000,-14.9467
1446996276,5435,170.4037,170.4037,0.0000,-18.3887
1446996293,5446,169.9749,169.9749,0.0000,-18.3887
1446996310,5465,170.4622,170.4622,0.0000,-21.6547
1446996326,5475,170.6445,170.6445,0.0000,-24.4057
1446996342,5495,170.6404,170.6404,0.0000,-27.5220
1446996360,5515,170.7217,170.7217,0.0000,-31.3830
1446996376,5525,171.2735,171.2735,0.0000,-41.2987
1446996394,5546,171.9929,171.9929,0.0000,-41.4308
1446996410,5567,172.7744,172.7744,0.0000,-46.2159
1446996425,5577,173.4688,173.4688,0.0000,-51.0762
1446996442,5597,174.3301,174.3301,0.0000,-56.7694
1446996460,5618,175.1091,175.1091,0.0000,-61.7487
1446996475,5629,175.6636,175.6636,0.0000,-65.4476
1446996493,5651,176.0890,176.0890,0.0000,-68.2280
1446996508,5661,176.2926,176.2926,0.0000,-69.4211
1446996526,5681,176.3857,176.3857,0.0000,-69.9110
1446996542,5692,176.2977,176.2977,0.0000,-69.1526
1446996559,5712,176.2376,176.2376,0.0000,-68.0228
1446996576,5733,176.2512,176.2512,0.0000,-68.0964
1446996593,5743,176.2648,176.2648,0.0000,-68.0237
1446996609,5765,176.3519,176.3519,0.0000,-68.7517
1446996627,5784,176.3562,176.3562,0.0000,-68.7195
1446996643,5795,176.2079,176.2079,0.0000,-68.7195
1446996660,5816,176.0278,176.0278,0.0000,-68.0949
1446996676,5826,175.8455,175.8455,0.0000,-66.5740
1446996693,5846,175.7155,175.7155,0.0000,-66.5399
1446996709,5867,175.3679,175.3679,0.0000,-64.0616
1446996726,5878,175.3679,175.3679,0.0000,-64.0616
1446996743,5898,174.8364,174.8364,0.0000,-60.6877
1446996760,5909,172.6775,172.6775,0.0000,-49.2435
1446996777,5930,172.6775,172.6775,0.0000,-49.2435
1446996792,5941,170.9903,170.9903,0.0000,-41.9051
1446996809,5961,169.2050,169.2050,0.0000,-35.2194
1446996826,5981,167.1891,167.1891,0.0000,-23.0025
1446996842,6001,164.9404,164.9404,0.0000,-22.9504
1446996860,6011,162.6093,162.6093,0.0000,-18.1068
1446996875,6031,160.4304,160.4304,0.0000,-14.5140
1446996893,6042,158.4572,158.4572,0.0000,-11.6662
1446996909,6063,157.0859,157.0859,0.0000,-8.4089
1446996927,6084,156.0924,156.0924,0.0000,-7.6882
1446996942,6094,155.3614,155.3614,0.0000,-7.7869
1446996959,6114,154.5890,154.5890,0.0000,-7.0796
1446996976,6126,153.9539,153.9539,0.0000,-6.4608
1446996993,6145,153.4785,153.4785,0.0000,-5.8192
1446997009,6165,153.2531,153.2531,0.0000,-4.7254
1446997026,6176,153.1400,153.1400,0.0000,-4.1363
1446997042,6196,153.2042,153.2042,0.0000,-4.1255
1446997059,6217,153.2712,153.2712,0.0000,-3.6331
1446997075,6227,153.4839,153.4839,0.0000,-3.3901
1446997092,6248,153.6890,153.6890,0.0000,-3.1859
1446997111,6269,154.2910,154.2910,0.0000,-2.8686
1446997130,6288,154.6363,154.6363,0.0000,-2.8790
1446997144,6299,154.9568,154.9568,0.0000,-2.9055
1446997161,6311,155.2194,155.2194,0.0000,-3.0665
1446997175,6331,155.2194,155.2194,0.0000,-3.0665
1446997195,6351,155.6977,155.6977,0.0000,-3.4189
1446997209,6361,155.8529,155.8529,0.0000,-3.8392
1446997228,6381,155.9567,155.9567,0.0000,-4.2121
1446997244,6401,156.0262,156.0262,0.0000,-4.4137
1446997262,6414,156.0732,156.0732,0.0000,-4.3206
1446997277,6435,156.0875,156.0875,0.0000,-4.0758
1446997293,6445,156.0567,156.0567,0.0000,-3.7081
1446997312,6465,155.9516,155.9516,0.0000,-3.4534
1446997325,6476,155.9516,155.9516,0.0000,-3.3274
1446997342,6496,155.7514,155.7514,0.0000,-3.3274
1446997359,6516,155.4970,155.4970,0.0000,-3.1632
1446997375,6526,155.2087,155.2087,0.0000,-3.1632
1446997392,6548,154.8864,154.8864,0.0000,-3.1653
1446997408,6559,154.5108,154.5108,0.0000,-3.1751
1446997425,6579,153.8610,153.8610,0.0000,-3.2249
1446997442,6599,153.8553,153.8553,0.0000,-3.2549
1446997458,6609,153.5986,153.5986,0.0000,-3.2549
1446997475,6629,153.1451,153.1451,0.0000,-3.4775
1446997492,6650,153.1546,153.1546,0.0000,-3.4668
1446997508,6659,153.0021,153.0021,0.0000,-3.5832
1446997526,6679,152.8883,152.8883,0.0000,-3.6285
1446997542,6700,152.8467,152.8467,0.0000,-3.7510
1446997559,6710,152.8390,152.8390,0.0000,-3.7510
1446997575,6730,152.8559,152.8559,0.0000,-4.0315
1446997593,6741,152.9212,152.9212,0.0000,-4.0397
1446997609,6763,153.0149,153.0149,0.0000,-4.2202
1446997626,6784,153.1418,153.1418,0.0000,-4.3100
1446997642,6794,153.3275,153.3275,0.0000,-4.4335
1446997659,6815,153.5307,153.5307,0.0000,-4.5175
1446997675,6826,153.7920,153.7920,0.0000,-4.5452
1446997693,6847,154.1096,154.1096,0.0000,-4.5360
1446997709,6858,154.5100,154.5100,0.0000,-4.3772
1446997726,6879,154.9532,154.9532,0.0000,-4.1885
1446997742,6900,155.4893,155.4893,0.0000,-4.1885
1446997759,6910,156.0591,156.0591,0.0000,-3.7388
1446997777,6930,156.6529,156.6529,0.0000,-3.7388
1446997792,6951,157.3591,157.3591,0.0000,-3.4764
1446997808,6961,158.1566,158.1566,0.0000,-3.0001
1446997826,6981,159.0308,159.0308,0.0000,-2.4364
1446997842,6992,159.9719,159.9719,0.0000,-1.9437
1446997860,7013,160.8788,160.8788,0.0000,-1.5654
1446997876,7033,161.7696,161.7696,0.0000,-1.0532
1446997892,7043,162.6294,162.6294,0.0000,-0.5550
1446997909,7065,163.4556,163.4556,0.0000,0.2721
1446997925,7075,164.2323,164.2323,0.0000,2.4550
1446997942,7095,164.9380,164.9380,0.0000,5.9074
1446997959,7115,165.5312,165.5312,0.0000,10.0578
1446997975,7125,166.0735,166.0735,0.0000,13.7198
1446997993,7145,166.5661,166.5661,0.0000,17.3127
1446998008,7165,167.0242,167.0242,0.0000,21.1239
1446998026,7176,167.4535,167.4535,0.0000,24.8426
1446998042,7197,167.8613,167.8613,0.0000,28.1463
1446998060,7217,168.2769,168.2769,0.0000,31.2549
1446998075,7227,168.6620,168.6620,0.0000,34.2144
1446998093,7247,169.0296,169.0296,0.0000,36.9468
1446998108,7267,169.2679,169.2679,0.0000,39.0418
1446998126,7278,169.5215,169.5215,0.0000,40.7918
1446998142,7298,169.8108,169.8108,0.0000,42.5768
1446998159,7318,170.0272,170.0272,0.0000,44.0429
1446998175,7329,170.1480,170.1480,0.0000,45.3289
1446998193,7350,170.2955,170.2955,0.0000,46.6903
1446998208,7360,170.3801,170.3801,0.0000,47.7658
1446998226,7381,170.3011,170.3011,0.0000,48.0371
1446998242,7391,170.1771,170.1771,0.0000,48.7837
1446998259,7411,170.0447,170.0447,0.0000,49.7967
1446998276,7431,169.8108,169.8108,0.0000,50.4772
1446998292,7442,169.5148,169.5148,0.0000,50.9774
1446998308,7461,169.2255,169.2255,0.0000,51.6387
1446998326,7482,169.0695,169.0695,0.0000,52.3498
1446998342,7493,168.6978,168.6978,0.0000,51.6773
1446998359,7513,168.3311,168.3311,0.0000,51.1086
1446998375,7534,168.0650,168.0650,0.0000,50.9938
1446998392,7544,167.6642,167.6642,0.0000,50.3010
1446998409,7564,167.6647,167.6647,0.0000,50.2735
1446998425,7575,167.4124,167.4124,0.0000,49.7061
1446998442,7595,167.2226,167.2226,0.0000,49.3030
1446998459,7616,167.1230,167.1230,0.0000,48.9490
1446998476,7626,166.9357,166.9357,0.0000,48.4163
1446998493,7646,166.8577,166.8577,0.0000,48.3669
1446998508,7667,166.7298,166.7298,0.0000,48.1820
1446998525,7677,166.5766,166.5766,0.0000,47.6444
1446998541,7698,166.3878,166.3878,0.0000,47.7174
1446998559,7717,166.1355,166.1355,0.0000,47.3983
1446998575,7727,165.8305,165.8305,0.0000,47.0673
1446998593,7747,165.5533,165.5533,0.0000,46.9012
1446998608,7767,165.3743,165.3743,0.0000,46.8527
1446998626,7777,165.2369,165.2369,0.0000,46.8257
1446998644,7798,164.9423,164.9423,0.0000,46.6909
1446998659,7808,164.9423,164.9423,0.0000,46.6909
1446998675,7828,164.7711,164.7711,0.0000,45.6254
1446998692,7848,164.5356,164.5356,0.0000,45.6254
1446998708,7858,164.2213,164.2213,0.0000,45.1139
1446998725,7878,164.0184,164.0184,0.0000,44.9942
1446998741,7898,163.8670,163.8670,0.0000,44.8454
1446998758,7908,163.7704,163.7704,0.0000,44.6711
1446998775,7928,163.5216,163.5216,0.0000,44.1343
1446998792,7948,163.5216,163.5216,0.0000,44.1343
1446998808,7958,163.4462,163.4462,0.0000,43.9557
1446998825,7978,163.3754,163.3754,0.0000,43.8425
1446998842,7998,163.3123,163.3123,0.0000,43.7454
1446998858,8008,163.3145,163.3145,0.0000,43.8205
1446998875,8029,163.2460,163.2460,0.0000,43.8856
1446998892,8049,163.1812,163.1812,0.0000,43.9694
1446998908,8059,163.0589,163.0589,0.0000,43.9545
1446998926,8080,162.8940,162.8940,0.0000,44.0401
1446998944,8099,162.6036,162.6036,0.0000,44.5372
1446998959,8109,162.5951,162.5951,0.0000,44.5423
1446998975,8129,162.3606,162.3606,0.0000,44.5105
1446998992,8150,162.0345,162.0345,0.0000,44.5105
1446999008,8159,161.8413,161.8413,0.0000,44.6310
1446999026,8179,161.7050,161.7050,0.0000,44.6216
1446999041,8200,161.6874,161.6874,0.0000,44.7627
1446999059,8210,161.6924,161.6924,0.0000,44.8596
1446999075,8231,161.8381,161.8381,0.0000,44.9940
1446999092,8251,162.0785,162.0785,0.0000,45.1950
1446999108,8262,162.3927,162.3927,0.0000,45.5355
1446999126,8282,162.8108,162.8108,0.0000,45.9699
1446999142,8292,163.2613,163.2613,0.0000,46.3663
1446999159,8312,163.7415,163.7415,0.0000,46.7237
1446999175,8332,164.3747,164.3747,0.0000,47.8390
1446999192,8342,165.0661,165.0661,0.0000,48.5690
1446999208,8363,165.8834,165.8834,0.0000,48.6048
1446999226,8384,166.7656,166.7656,0.0000,49.5726
1446999241,8394,167.6592,167.6592,0.0000,50.5224
1446999259,8414,168.5871,168.5871,0.0000,51.4851
1446999275,8425,169.6656,169.6656,0.0000,52.8303
1446999292,8445,170.7525,170.7525,0.0000,54.3929
1446999308,8467,171.7845,171.7845,0.0000,56.1610
1446999325,8477,172.6943,172.6943,0.0000,57.7848
1446999342,8497,173.4502,173.4502,0.0000,59.0518
1446999358,8507,174.0533,174.0533,0.0000,59.9730
1446999375,8527,174.6147,174.6147,0.0000,60.8626
1446999392,8547,175.1197,175.1197,0.0000,61.7607
1446999408,8557,175.5877,175.5877,0.0000,62.7055
1446999425,8577,175.9259,175.9259,0.0000,63.1936
1446999442,8598,176.2586,176.2586,0.0000,63.7166
1446999458,8608,176.6972,176.6972,0.0000,64.8787
1446999475,8628,177.2083,177.2083,0.0000,67.1958
1446999492,8649,177.7903,177.7903,0.0000,70.3522
1446999508,8659,178.3638,178.3638,0.0000,73.7505
1446999526,8679,178.9940,178.9940,0.0000,78.8176
1446999542,8700,179.6555,179.6555,0.0000,85.6957
1446999558,8710,-179.7313,-179.7313,0.0000,93.7554
1446999575,8730,-179.1711,-179.1711,0.0000,102.6782
1446999592,8750,-178.6866,-178.6866,0.0000,111.5641
1446999608,8761,-178.2811,-178.2811,0.0000,119.7155
1446999626,8782,-177.9588,-177.9588,0.0000,126.9279
1446999641,8792,-177.7029,-177.7029,0.0000,133.9007
1446999659,8812,-177.5490,-177.5490,0.0000,139.8457
1446999675,8833,-177.4966,-177.4966,0.0000,142.5175
1446999692,8844,-177.5125,-177.5125,0.0000,146.1340
1446999708,8864,-177.6304,-177.6304,0.0000,149.8294
1446999725,8883,-177.7683,-177.7683,0.0000,153.6846
1446999741,8893,-177.9267,-177.9267,0.0000,157.7857
1446999759,8913,-178.0998,-178.0998,0.0000,158.8393
1446999775,8933,-178.2796,-178.2796,0.0000,155.7805
1446999792,8943,-178.4545,-178.4545,0.0000,154.5678
1446999809,8964,-178.7220,-178.7220,0.0000,150.9617
1446999825,8975,-178.9685,-178.9685,0.0000,147.9086
1446999842,8996,-179.2182,-179.2182,0.0000,147.1255
1446999858,9016,-179.4966,-179.4966,0.0000,136.8209
1446999875,9026,-179.7309,-179.7309,0.0000,120.0602
1446999892,9046,-179.9161,-179.9161,0.0000,99.3634
1446999909,9066,179.9001,179.9001,0.0000,78.5885
1446999925,9076,179.7820,179.7820,0.0000,67.3014
1446999941,9096,179.6476,179.6476,0.0000,66.1669
1446999959,9116,179.5904,179.5904,0.0000,69.0713
1446999975,9126,179.4518,179.4518,0.0000,62.5347
1446999992,9146,179.3077,179.3077,0.0000,61.5504
1447000008,9157,179.1128,179.1128,0.0000,60.9324
1447000025,9178,178.8464,178.8464,0.0000,55.2401
1447000041,9197,178.4435,178.4435,0.0000,44.9868
1447000059,9217,178.0181,178.0181,0.0000,39.3415
1447000075,9227,177.6436,177.6436,0.0000,38.4581
1447000092,9248,177.3762,177.3762,0.0000,37.8667
1447000108,9258,177.0715,177.0715,0.0000,37.0020
1447000126,9278,176.8468,176.8468,0.0000,36.5930
1447000141,9298,176.7005,176.7005,0.0000,35.5781
1447000159,9308,176.5890,176.5890,0.0000,34.4402
1447000175,9328,176.4860,176.4860,0.0000,32.7821
1447000192,9348,176.4628,176.4628,0.0000,32.8995
1447000208,9359,176.4201,176.4201,0.0000,33.5235
1447000226,9379,176.3864,176.3864,0.0000,34.2005
1447000241,9399,176.3738,176.3738,0.0000,34.5347
1447000258,9409,176.3970,176.3970,0.0000,34.3440
1447000274,9429,176.4851,176.4851,0.0000,34.1160
1447000291,9449,176.6378,176.6378,0.0000,34.2761
1447000308,9459,176.6925,176.6925,0.0000,34.9687
1447000326,9479,176.3918,176.3918,0.0000,32.3532
1447000341,9500,176.1111,176.1111,0.0000,30.0608
1447000358,9510,175.9526,175.9526,0.0000,28.7559
1447000375,9530,175.7939,175.7939,0.0000,27.5134
1447000394,9550,175.4766,175.4766,0.0000,25.2011
1447000408,9561,175.4766,175.4766,0.0000,25.2011
1447000435,9591,175.1591,175.1591,0.0000,23.0946
1447000441,9591,175.1591,175.1591,0.0000,23.0946
1447000459,9611,175.0004,175.0004,0.0000,22.1111
1447000475,9631,174.8417,174.8417,0.0000,21.1704
1447000494,9651,174.5240,174.5240,0.0000,19.4047
1447000508,9661,174.5240,174.5240,0.0000,19.4047
1447000525,9681,174.3650,174.3650,0.0000,18.5753
1447000541,9691,176.1182,176.1182,0.0000,30.1201
1447000561,9711,176.1066,176.1066,0.0000,30.0223
1447000574,9721,176.1924,176.1924,0.0000,30.7555
1447000591,9721,176.1082,176.1082,0.0000,30.0363
1447000611,9765,176.1180,176.1180,0.0000,30.1189
1447000627,9786,176.1180,176.1180,0.0000,30.1189
1447000642,9796,176.1370,176.1370,0.0000,30.2801
1447000664,9818,176.1310,176.1310,0.0000,30.2289
1447000678,9828,176.1152,176.1152,0.0000,30.0953
1447000693,9839,176.1077,176.1077,0.0000,30.0318
1447000724,9877,176.1077,176.1077,0.0000,30.0318
1447000747,9905,176.2272,176.2272,0.0000,31.0581
1447000757,9915,176.2458,176.2458,0.0000,31.2215
1447000767,9925,176.2790,176.2790,0.0000,31.5150
1447000784,9936,176.1934,176.1934,0.0000,30.7644
1447000800,9957,176.1992,176.1992,0.0000,30.8139
1447000816,9967,176.1947,176.1947,0.0000,30.7749
1447000837,9987,176.2096,176.2096,0.0000,30.9045
1447000851,10007,176.2177,176.2177,0.0000,30.9747
1447000867,10017,176.2071,176.2071,0.0000,30.8827
1447000897,10047,176.3052,176.3052,0.0000,31.7495
1447000904,10057,176.3052,176.3052,0.0000,31.7495
1447000920,10078,176.0716,176.0716,0.0000,29.7299
1447000934,10087,176.0701,176.0701,0.0000,29.7169
1447000951,10107,176.0340,176.0340,0.0000,29.4182
1447000967,10117,176.0416,176.0416,0.0000,29.4809
1447000984,10138,176.0374,176.0374,0.0000,29.4462
1447001001,10159,176.0253,176.0253,0.0000,29.3465
1447001017,10168,176.0355,176.0355,0.0000,29.4305
1447001033,10189,176.0426,176.0426,0.0000,29.4888
1447001050,10209,176.0332,176.0332,0.0000,29.4110
1447001068,10219,176.0369,176.0369,0.0000,29.4421
1447001086,10240,176.0456,176.0456,0.0000,29.5139
1447001101,10250,176.0619,176.0619,0.0000,29.6489
1447001117,10270,176.0488,176.0488,0.0000,29.5405
1447001150,10301,176.0393,176.0393,0.0000,29.4619
1447001158,10312,176.1963,176.1963,0.0000,30.7890
1447001194,10323,176.2729,176.2729,0.0000,31.4615
1447001202,10355,176.2729,176.2729,0.0000,31.4615
1447001222,10375,176.2234,176.2234,0.0000,31.0249
1447001237,10396,176.2114,176.2114,0.0000,30.9199
1447001252,10407,176.2019,176.2019,0.0000,30.8374
1447001272,10428,176.1928,176.1928,0.0000,30.7586
1447001284,10438,176.1928,176.1928,0.0000,30.7586
1447001302,10459,176.1958,176.1958,0.0000,30.7852
1447001319,10469,176.2113,176.2113,0.0000,30.9195
1447001335,10486,176.2157,176.2157,0.0000,30.9573
1447001353,10506,176.2128,176.2128,0.0000,30.9327
1447001370,10521,176.2077,176.2077,0.0000,30.8876
1447001383,10542,176.2156,176.2156,0.0000,30.9571
1447001400,10553,176.1910,176.1910,0.0000,30.7434
1447001420,10573,176.2032,176.2032,0.0000,30.8492
1447001437,10593,176.1925,176.1925,0.0000,30.7563
1447001451,10604,176.1925,176.1925,0.0000,30.7563
1447001467,10624,176.2016,176.2016,0.0000,30.8352
1447001484,10635,176.1948,176.1948,0.0000,30.7757
1447001500,10655,176.2090,176.2090,0.0000,30.8993
1447001517,10666,176.1914,176.1914,0.0000,30.7464
1447001533,10687,176.2004,176.2004,0.0000,30.8248
1447001554,10708,176.2173,176.2173,0.0000,30.9720
1447001567,10718,176.2173,176.2173,0.0000,30.9720
1447001584,10738,176.1920,176.1920,0.0000,30.7513
1447001599,10748,176.1983,176.1983,0.0000,30.8063
1447001617,10759,176.1842,176.1842,0.0000,30.7495
1447001633,10759,176.1917,176.1917,0.0000,30.7495
1447001650,10809,176.1917,176.1917,0.0000,30.7495
1447001668,10823,176.1917,176.1917,0.0000,30.7495
1447001684,10833,107.8388,107.8388,0.0000,-12.2893
1447001701,10853,110.7359,110.7359,0.0000,-12.6517
1447001719,10873,113.0170,113.0170,0.0000,-14.2433
1447001745,10893,113.3981,113.3981,0.0000,-17.4366
1447001755,10913,114.0179,114.0179,0.0000,-24.5494
1447001766,10923,114.0179,114.0179,0.0000,-24.5494
1447001783,10933,114.7911,114.7911,0.0000,-27.9128
1447001800,10954,116.7689,116.7689,0.0000,-34.3368
1447001817,10974,118.5018,118.5018,0.0000,-37.9481
1447001833,10985,120.1643,120.1643,0.0000,-41.5106
1447001850,11006,120.9462,120.9462,0.0000,-43.4309
1447001866,11017,122.6615,122.6615,0.0000,-46.9496
1447001883,11038,123.5905,123.5905,0.0000,-50.8064
1447001902,11059,125.6854,125.6854,0.0000,-50.8064
1447001916,11069,127.9841,127.9841,0.0000,-53.4600
1447001933,11091,130.1016,130.1016,0.0000,-56.0140
1447001950,11101,131.0119,131.0119,0.0000,-57.1047
1447001966,11121,132.5453,132.5453,0.0000,-58.8648
1447001984,11142,133.7281,133.7281,0.0000,-60.2003
1447002000,11152,134.1584,134.1584,0.0000,-60.7745
1447002018,11173,134.8492,134.8492,0.0000,-61.8775
1447002035,11183,135.6716,135.6716,0.0000,-63.4749
