436317058,0,0,0,1
436317162,0,0,0,1,0,1,0,0,1
436317265,0,0,0,1,0,1,0,0,1
436317369,0,0,0,1,0,1,0,0,1
436317472,0,0,0,1,0,1,0,0,1
436317579,0,0,0,1,0,1,0,0,1
436317681,0,0,0,1,0,1,0,0,1
436317791,0,0,0,1,0,1,0,0,1
436317894,0,0,0,1,0,1,0,0,1
436317997,0,0,0,1,0,1,0,0,1
436318111,0,0,0,1,0,1,0,0,1
436318214,0,0,0,1,0,1,0,0,1
436318317,0,0,0,1,0,1,0,0,1
436318423,0,0,0,1,0,1,0,0,1
436318526,0,0,0,1,0,1,0,0,1
436318629,60,0,0,1,0,1,0,0,1
436318732,172,0,0,1,0,1,0,0,1
436318839,279,0,0,1,0,1,0,0,1
436318942,350,0,0,1,0,1,0,0,1
436319046,471,0,0,1,0,1,0,0,1
436319153,585,0,0,1,0,1,0,0,1
436319266,704,0,0,1,0,1,0,0,1
436319370,810,0,0,1,0,1,0,0,1
436319476,917,0,0,1,0,1,0,0,1
436319580,1028,0,0,1,0,1,0,0,1
436319685,1118,0,0,1,0,1,0,0,1
436319789,1198,0,0,1,0,1,0,0,1
436319896,1326,0,0,1,0,1,0,0,1
436320000,1406,0,0,1,0,1,0,0,1
436320103,1527,0,0,1,0,1,0,0,1
436320206,1638,0,0,1,0,1,0,0,1
436320310,1747,0,0,1,0,1,0,0,1
436320414,1844,0,0,1,0,1,0,0,1
436320522,1875,0,0,1,0,1,0,0,1
436320632,2026,0,0,1,0,1,0,0,1
436320735,2139,0,0,1,0,1,0,0,1
436320839,2235,0,0,1,0,1,0,0,1
436320942,2323,0,0,1,0,1,0,0,1
436321045,2453,0,0,1,0,1,0,0,1
436321148,2537,0,0,1,0,1,0,0,1
436321251,2669,0,0,1,0,1,0,0,1
436321356,2806,0,0,1,0,1,0,0,1,1
436321463,2904,0,0,1,0,1,0,0,1,1
436321567,3014,0,0,1,0,1,0,0,1,1
436321670,3124,0,0,1,0,1,0,0,1,0
436321773,3211,0,0,1,0,1,0,0,1,0
436321876,3322,0,0,1,0,1,0,0,1,0
436321981,3422,0,0,1,0,1,0,0,1,0
436322084,3475,0,0,1,0,1,0,0,1,0
436322186,3600,0,0,1,0,1,0,0,1,0
436322289,3732,0,0,1,0,1,0,0,1,0
436322391,3814,0,0,1,0,1,0,0,1,0
436322493,3924,0,0,1,0,1,0,1,1,0
436322604,4032,0,0,1,1,1,0,1,1,0
436322709,4097,0,0,1,1,1,0,1,1,0
436322813,4189,0,0,1,1,1,0,1,1,0
436322915,4340,0,0,1,1,1,0,1,1,0
436323017,4442,0,0,0,1,1,0,1,1,0
436323120,4570,0,0,0,1,1,0,1,1,0
436323222,4675,0,0,0,1,1,0,1,1,0
436323325,4758,0,0,0,1,1,0,1,1,0
436323433,4828,0,0,0,1,1,0,1,1,0
436323535,4980,0,0,0,1,1,0,1,1,0
436323640,5065,0,0,0,1,1,0,1,1,0
436323743,5189,0,0,1,1,1,0,1,1,0
436323847,5299,0,0,1,0,1,0,0,1,0
436323952,5400,0,0,1,0,1,0,0,1,0
436324055,5498,0,0,1,0,1,1,0,1,1
436324162,5602,0,0,1,0,1,1,0,1,1
436324286,5720,0,0,1,0,1,1,0,1,1
436324389,5837,0,1,1,0,1,1,0,1,1
436324491,5927,0,1,1,0,1,1,0,1,1
436324593,6030,0,1,1,0,1,1,0,1,1
436324696,6149,0,1,0,0,1,1,0,1,1
436324798,6249,0,1,0,0,1,1,0,1,1
436324901,6350,0,1,0,0,1,1,0,1,1
436325008,6456,0,1,0,0,1,1,0,1,1
436325114,6547,0,1,0,0,1,1,0,1,1
436325217,6645,0,1,0,0,0,1,0,1,1
436325320,6768,0,1,0,0,0,1,0,0,1
436325422,6866,0,1,0,0,0,1,0,0,1
436325524,6974,0,0,1,0,1,0,0,1,0
436325626,7069,0,0,1,0,1,1,0,1,0
436325727,7162,0,0,1,0,1,1,0,1,0
436325831,7280,0,0,1,0,1,1,0,1,1
436325934,7377,0,0,1,0,1,1,0,1,1
436326036,7484,0,0,1,0,1,1,0,1,1
436326140,7583,0,0,1,0,1,1,0,1,1
436326241,7689,0,0,1,0,1,1,0,1,1
436326343,7788,0,0,1,0,1,1,0,1,1
436326447,7897,0,0,1,0,1,1,0,1,0
436326549,7985,0,0,1,0,1,0,0,1,0
436326660,8076,0,0,1,0,1,0,0,1,0
436326763,8200,0,0,1,1,1,0,1,1,0
436326864,8305,0,0,1,1,1,0,1,1,0
436326966,8413,0,0,1,1,1,0,1,1,0
436327067,8516,1,0,0,1,1,0,1,1,0
436327169,8620,1,0,0,1,1,0,1,1,0
436327271,8719,1,0,0,1,1,0,1,1,0
436327375,8824,1,0,0,1,1,0,1,1,0
436327481,8925,1,0,1,1,1,0,1,1,0
436327583,9028,1,0,1,1,1,0,1,1,0
436327690,9137,1,0,1,1,1,0,1,1,0
436327792,9230,1,0,1,1,1,0,1,1,0
436327894,9342,1,0,1,1,1,0,1,1,0
436327996,9449,1,0,1,1,1,0,1,1,0
436328099,9525,1,0,1,1,1,0,1,1,0
436328201,9638,1,0,1,1,1,0,1,1,0
436328302,9746,1,0,0,1,1,0,1,1,0
436328406,9853,1,0,0,1,1,0,1,1,0
436328513,9954,1,0,0,1,1,0,1,1,0
436328616,10043,1,0,0,1,1,0,1,1,0
436328718,10169,1,0,1,1,1,0,1,1,0
436328822,10266,1,0,1,1,1,0,1,1,0
436328924,10375,1,0,1,1,1,0,1,1,0
436329026,10478,1,0,1,1,1,0,1,1,0
436329127,10570,1,0,1,1,1,0,1,1,0
436329229,10681,1,0,1,1,1,0,1,1,0
436329330,10783,1,0,1,1,1,0,1,1,0
436329432,10880,1,0,0,1,1,0,1,1,0
436329534,10985,1,0,1,1,1,0,1,1,0
436329635,11072,1,0,1,1,1,0,1,1,0
436329737,11167,1,0,1,1,1,0,1,1,0
436329839,11285,1,0,1,1,1,0,1,1,0
436329945,11388,1,0,1,1,1,0,1,1,0
436330047,11500,1,0,0,1,1,0,1,1,0
436330149,11592,1,0,1,1,1,0,1,1,0
436330255,11707,1,0,1,1,1,0,1,1,0
436330356,11810,1,0,1,1,1,0,1,1,0
436330458,11908,0,0,1,1,1,0,1,1,0
436330560,12006,0,0,1,1,1,0,1,1,0
436330662,12115,0,0,1,1,1,0,1,1,0
436330764,12212,0,0,1,1,1,0,1,1,0
436330865,12316,0,0,1,1,1,0,1,1,0
436330967,12409,1,0,1,1,1,0,1,1,0
436331071,12511,1,0,0,1,1,0,1,1,0
436331173,12624,1,0,0,1,1,0,1,1,0
436331276,12725,1,0,1,1,1,0,1,1,0
436331378,12826,1,0,1,1,1,0,1,1,0
436331480,12926,1,0,1,1,1,0,1,1,0
436331586,13022,1,0,1,1,1,0,1,1,0
436331688,13136,1,0,1,1,1,0,1,1,0
436331790,13235,1,0,1,1,1,0,1,1,0
436331896,13339,1,0,1,1,1,0,1,1,0
436331997,13416,1,0,0,1,1,0,1,1,0
436332099,13540,1,0,0,1,1,0,1,1,0
436332201,13651,1,0,1,1,1,0,1,1,0
436332302,13753,1,0,1,1,1,0,1,1,0
436332405,13851,1,0,1,1,1,0,1,1,0
436332507,13954,1,0,1,1,1,0,1,1,0
436332613,14063,1,0,1,1,1,0,1,1,0
436332715,14164,1,0,0,1,1,0,1,1,0
436332817,14251,1,0,0,1,1,0,1,1,0
436332919,14371,1,0,0,1,0,0,1,1,0
436333022,14470,1,0,0,1,0,0,1,1,0
436333132,14584,1,0,0,1,0,0,1,1,0
436333234,14674,1,0,0,1,0,0,1,1,0
436333338,14790,1,0,0,1,1,0,1,1,0
436333440,14885,1,0,0,1,1,0,1,1,0
436333541,14984,1,0,1,1,1,0,1,1,0
436333643,15094,1,0,1,1,1,0,1,1,0
436333745,15193,1,0,0,1,1,0,1,1,0
436333846,15283,1,0,0,1,1,0,1,1,0
436333948,15389,1,0,0,1,0,0,1,1,0
436334050,15503,1,0,0,1,0,1,1,1,0
436334156,15606,1,0,0,1,0,1,1,1,1
436334258,15705,1,0,0,1,0,1,1,0,1
436334360,15805,1,0,0,1,0,1,1,0,1
436334463,15916,1,0,0,1,0,1,1,0,1
436334565,16016,1,1,0,1,0,1,1,0,1
436334666,16113,1,1,0,1,0,1,1,0,1
436334769,16217,1,1,0,1,0,1,1,0,1
436334871,16315,1,1,0,1,0,1,1,0,1
436334976,16424,1,1,0,1,0,1,1,0,1
436335081,16519,1,1,0,1,0,1,1,0,1
436335183,16634,1,1,0,1,0,1,1,0,1
436335284,16738,1,1,0,1,0,1,1,0,1
436335387,16838,1,0,0,1,0,1,1,0,1
436335489,16942,1,0,0,1,0,1,1,0,1
436335591,17041,1,0,0,1,0,1,1,0,1
436335692,17140,1,0,0,1,0,1,1,0,1
436335795,17241,1,0,0,1,0,1,1,0,1
436335898,17344,1,0,0,1,0,1,1,0,1
436336001,17455,1,0,0,1,0,1,1,0,1
436336103,17554,1,0,0,1,0,1,1,0,1
436336205,17654,1,0,0,1,0,1,1,0,1
436336307,17756,1,0,0,1,0,1,1,0,1
436336408,17854,1,0,0,1,0,1,1,1,1
436336516,17959,1,0,0,1,0,1,1,1,1
436336618,18032,1,0,0,1,0,1,1,1,1
436336720,18171,1,0,0,1,0,1,1,1,1
436336823,18267,1,0,0,1,0,1,1,1,0
436336927,18363,1,0,0,1,0,0,1,1,0
436337029,18472,1,0,0,1,0,0,1,1,0
436337130,18578,1,0,0,1,1,0,1,1,0
436337232,18686,1,0,1,1,1,0,1,1,0
436337334,18778,1,0,1,1,1,0,1,1,0
436337438,18886,1,0,1,1,1,0,1,1,0
436337540,18987,1,0,1,1,1,0,1,1,0
436337647,19098,1,0,1,1,1,0,1,1,0
436337749,19194,1,0,1,1,1,0,1,1,0
436337850,19293,1,0,1,1,1,0,1,1,0
436337952,19392,1,0,1,1,1,0,1,1,0
436338054,19500,1,0,1,1,1,0,1,1,0
436338157,19606,1,0,1,1,1,0,1,1,0
436338258,19710,1,0,1,1,1,0,1,1,0
436338360,19813,1,0,1,1,1,0,1,1,0
436338462,19913,1,0,1,1,1,0,1,1,0
436338569,20014,1,0,1,1,1,0,1,1,0
436338673,20117,1,0,1,1,1,0,1,1,0
436338775,20218,1,0,1,1,1,0,1,1,0
436338876,20322,0,0,1,1,1,0,1,1,0
436338978,20426,0,0,1,1,1,1,0,1,0
436339080,20526,0,0,1,0,1,1,0,1,1
436339181,20626,0,1,1,0,1,1,0,1,1
436339282,20704,0,1,1,0,1,1,0,1,1
436339386,20832,0,1,1,0,1,1,0,1,1
436339488,20933,0,1,1,0,1,1,0,1,1
436339589,21040,0,1,1,0,1,1,0,1,1
436339691,21140,0,1,1,0,1,1,0,1,1
436339792,21236,0,1,1,0,1,1,0,1,1
436339898,21345,0,1,0,0,1,1,0,1,1
436340000,21446,0,1,0,0,1,1,0,1,1
436340102,21549,0,1,0,0,0,1,0,1,1
436340207,21651,0,1,0,0,0,1,0,1,1
436340308,21733,0,1,0,1,0,1,0,1,1
436340410,21859,0,1,0,1,0,1,1,1,1
436340515,21960,0,1,0,1,0,1,1,0,1
436340616,22068,0,1,0,1,0,1,1,0,1
436340719,22163,0,1,0,1,0,1,1,0,1
436340822,22262,0,1,0,1,0,1,1,0,1
436340927,22373,0,1,0,1,0,1,0,0,1
436341030,22473,0,1,0,1,0,1,0,1,1
436341132,22577,0,1,1,0,0,1,0,1,1
436341234,22679,0,1,1,0,1,1,0,1,1
436341336,22790,0,1,1,0,1,1,0,1,1
436341438,22868,0,1,1,0,1,1,0,1,1
436341540,22978,0,1,1,0,1,1,0,1,1
436341642,23079,0,1,1,0,1,1,0,1,1
436341750,23173,0,1,1,0,1,1,0,1,1
436341852,23296,0,1,1,0,1,1,0,1,1
436341953,23401,0,1,1,0,1,1,0,1,1
436342055,23502,0,1,1,0,1,1,0,1,1
436342156,23604,0,1,1,0,1,1,0,1,1
436342258,23707,0,0,1,0,1,1,0,1,1
436342360,23813,0,0,1,1,1,1,0,1,0
436342461,23911,0,0,1,1,1,0,1,1,0
436342563,24013,1,0,1,1,1,0,1,1,0
436342665,24116,1,0,1,1,1,0,1,1,0
436342767,24221,1,0,1,1,1,0,1,1,0
436342870,24322,1,0,1,1,1,0,1,1,0
436342972,24416,1,0,1,1,1,0,1,1,0
436343073,24521,1,0,1,1,1,0,1,1,0
436343175,24622,1,0,0,1,1,0,1,1,0
436343277,24728,1,0,0,1,0,0,1,1,0
436343379,24824,1,0,0,1,0,0,1,1,0
436343481,24931,1,0,0,1,0,0,1,1,0
436343582,25032,1,0,0,1,0,0,1,1,0
436343695,25148,1,0,0,1,1,0,1,1,0
436343796,25250,1,0,1,1,1,0,1,1,0
436343898,25348,1,0,1,1,1,0,1,1,0
436344000,25446,1,0,1,1,1,0,1,1,0
436344101,25541,0,0,1,1,1,0,1,1,0
436344203,25633,0,0,1,1,1,1,1,1,0
436344305,25753,0,0,1,0,1,1,0,1,1
436344409,25855,0,1,1,0,1,1,0,1,1
436344514,25960,0,1,1,0,1,1,0,1,1
436344615,26065,0,1,1,0,1,1,0,1,1
436344717,26156,0,1,1,0,1,1,0,1,1
436344819,26264,0,1,1,0,1,1,0,1,1
436344920,26364,0,1,0,0,1,1,0,1,1
436345024,26461,0,1,0,1,0,1,0,1,1
436345126,26571,0,1,0,1,0,1,1,1,1
436345228,26679,0,1,0,1,0,1,1,1,1
436345333,26775,0,1,0,1,0,1,1,0,1
436345435,26884,0,1,0,1,0,1,1,0,1
436345537,26986,1,1,0,1,0,1,1,0,1
436345640,27083,1,1,0,1,0,1,1,0,1
436345741,27179,1,1,0,1,0,1,1,0,1
436345844,27274,1,1,0,1,0,1,1,0,1
436345945,27393,1,1,0,1,0,1,1,0,1
436346048,27480,1,1,0,1,0,1,1,0,1
436346150,27594,1,1,0,1,0,1,1,0,1
436346251,27696,1,1,0,1,0,1,1,0,1
436346353,27806,1,1,0,1,0,1,1,0,1
436346454,27908,1,1,0,1,0,1,1,0,1
436346556,28006,1,1,0,1,0,1,1,0,1
436346658,28086,1,1,0,1,0,1,1,0,1
436346759,28203,1,1,0,1,0,1,1,0,1
436346861,28295,1,1,0,1,0,1,1,0,1
436346963,28413,1,1,0,1,0,1,1,0,1
436347065,28512,1,1,0,1,0,1,1,0,1
436347167,28601,1,1,0,1,0,1,1,0,1
436347268,28713,1,1,0,1,0,1,1,0,1
436347370,28823,1,1,0,1,0,1,1,0,1
436347471,28915,1,1,0,1,0,1,1,0,1
436347572,29019,1,1,0,1,0,1,1,0,1
436347674,29120,1,1,0,1,0,1,1,0,1
436347776,29198,0,1,0,1,0,1,1,0,1
436347882,29329,0,1,0,1,0,1,1,0,1
436347984,29427,0,1,0,1,0,1,1,1,1
436348086,29534,0,1,0,0,0,1,0,1,1
436348187,29636,0,1,0,0,1,1,0,1,1
436348288,29740,0,1,0,0,1,1,0,1,1
436348394,29841,0,1,1,0,1,1,0,1,1
436348499,29950,0,1,1,0,1,1,0,1,1
436348604,30053,0,1,1,0,1,1,0,1,1
436348706,30143,0,1,1,0,1,1,0,1,1
436348807,30253,0,0,1,1,1,0,0,1,0
436348909,30363,1,0,1,1,1,0,1,1,0
436349014,30466,1,0,1,1,1,0,1,1,0
436349116,30556,1,0,1,1,1,0,1,1,0
436349218,30659,1,0,1,1,1,0,1,1,0
436349320,30773,1,0,1,1,1,0,1,1,0
436349421,30865,1,0,1,1,1,0,1,1,0
436349523,30947,1,0,1,1,1,0,1,1,0
436349626,31076,1,0,0,1,1,0,1,1,0
436349728,31172,1,0,0,1,1,0,1,1,0
436349836,31281,1,0,0,1,1,0,1,1,0
436349937,31385,1,0,1,1,1,0,1,1,0
436350038,31488,1,0,1,1,1,0,1,1,0
436350142,31590,1,0,1,1,1,0,1,1,0
436350244,31682,1,0,1,1,1,0,1,1,0
436350347,31797,1,0,1,1,1,0,1,1,0
436350454,31896,1,0,1,1,1,0,1,1,0
436350556,32000,1,0,1,1,1,0,1,1,0
436350657,32108,1,0,1,1,1,0,1,1,0
436350759,32204,1,0,1,1,1,0,1,1,0
436350862,32293,1,0,1,1,1,0,1,1,0
436350973,32420,1,0,1,1,1,0,1,1,0
436351075,32528,1,0,1,1,1,0,1,1,0
436351176,32622,1,0,1,1,1,0,1,1,0
436351278,32717,1,0,1,1,1,0,1,1,0
436351379,32830,1,0,1,1,1,0,1,1,0
436351481,32894,1,0,1,1,1,0,1,1,0
436351582,33023,1,0,1,1,1,0,1,1,0
436351690,33137,1,0,1,1,1,0,1,1,0
436351791,33238,0,0,1,1,1,0,1,1,0
436351893,33343,0,0,1,1,1,0,1,1,0
436351995,33447,0,0,1,0,1,0,0,1,0
436352096,33538,0,0,1,0,1,1,0,1,1
436352199,33651,0,0,1,0,1,1,0,1,1
436352301,33748,0,0,1,0,1,1,0,1,1
436352402,33846,0,0,1,0,1,1,0,1,1
436352505,33957,0,0,1,0,1,1,0,1,1
436352608,34059,0,0,1,0,1,1,0,1,1
436352709,34157,0,0,1,0,1,1,0,1,1
436352811,34263,0,1,1,0,1,1,0,1,1
436352913,34358,0,1,1,0,1,1,0,1,1
436353015,34465,0,1,1,0,1,1,0,1,1
436353116,34564,0,1,1,0,1,1,0,1,1
436353218,34631,0,1,1,0,1,1,0,1,1
436353320,34759,0,1,1,0,1,1,0,1,1
436353421,34874,0,1,0,0,1,1,0,1,1
436353522,34975,0,1,0,0,1,1,0,1,1
436353624,35074,0,1,0,0,1,1,0,1,1
436353726,35163,0,1,1,0,1,1,0,1,1
436353829,35273,0,1,1,0,1,1,0,1,1
436353931,35376,0,1,1,0,1,1,0,1,1
436354034,35485,0,1,0,0,1,1,0,1,1
436354138,35592,0,1,0,0,1,1,0,1,1
436354240,35692,0,1,0,0,1,1,0,1,1
436354342,35791,0,1,0,0,1,1,0,1,1
436354444,35893,0,1,0,0,1,1,0,1,1
436354546,35995,0,1,1,0,1,1,0,1,1
436354649,36089,0,1,1,0,1,1,0,1,1
436354751,36199,0,1,1,0,1,1,0,1,1
436354852,36298,0,1,1,0,1,1,0,1,1
436354954,36399,0,1,1,0,1,1,0,1,1
436355056,36507,0,1,1,0,1,1,0,1,1
436355158,36600,0,1,1,0,1,1,0,1,1
436355259,36706,0,1,1,0,1,1,0,1,1
436355361,36809,0,1,0,0,1,1,0,1,1
436355463,36909,0,0,0,0,1,1,0,1,1
436355565,37012,0,0,0,0,1,1,0,1,1
436355668,37117,0,1,0,0,1,1,0,1,1
436355770,37216,0,1,0,0,1,1,0,1,1
436355871,37313,0,1,0,0,1,1,0,1,1
436355973,37417,0,1,0,0,1,1,0,1,1
436356076,37517,0,1,0,0,1,1,0,1,1
436356179,37626,0,1,1,0,1,1,0,1,1
436356281,37726,0,1,1,0,1,1,0,1,1
436356382,37829,0,1,1,0,1,1,0,1,1
436356483,37930,0,0,1,0,1,1,0,1,1
436356585,38033,0,0,1,0,1,1,0,1,1
436356686,38137,0,0,1,0,1,1,0,1,1
436356788,38241,0,1,1,0,1,1,0,1,1
436356889,38343,0,1,1,0,1,1,0,1,1
436356990,38441,0,1,1,0,1,1,0,1,1
436357093,38535,0,1,1,0,1,1,0,1,1
436357194,38641,0,1,1,0,1,1,0,1,1
436357296,38744,0,1,1,0,1,1,0,1,1
436357397,38851,0,1,1,0,1,1,0,1,1
436357501,38944,0,1,1,0,1,1,0,1,1
436357603,39049,0,1,1,0,1,1,0,1,1
436357706,39149,0,1,1,0,1,1,0,1,1
436357807,39254,0,1,1,0,1,1,0,1,1
436357909,39361,0,1,1,0,1,1,0,1,1
436358010,39464,0,1,1,0,1,1,0,1,1
436358112,39566,0,1,1,0,1,1,0,1,1
436358215,39666,0,1,1,0,1,1,0,1,1
436358316,39766,0,1,1,0,1,1,0,1,1
436358418,39862,0,1,1,0,1,1,0,1,1
436358519,39966,0,1,1,0,1,1,0,1,1
436358621,40064,0,1,1,0,1,1,0,1,1
436358722,40172,0,1,1,0,1,1,0,1,1
436358824,40267,0,1,1,0,1,1,0,1,1
436358927,40362,0,1,1,0,1,1,0,1,1
436359029,40464,0,1,0,0,1,1,0,1,1
436359132,40577,0,1,0,0,1,1,0,1,1
436359239,40688,0,1,0,0,1,1,0,1,1
436359341,40789,0,1,1,0,1,1,0,1,1
436359446,40888,0,1,1,0,1,1,0,1,1
436359547,40985,0,1,1,0,1,1,0,1,1
436359648,41102,0,1,1,0,1,1,0,1,1
436359750,41201,0,1,1,0,1,1,0,1,1
436359852,41300,0,1,1,0,1,1,0,1,1
436359954,41390,0,1,1,0,1,1,0,1,1
436360055,41506,0,1,1,0,1,1,0,1,1
436360157,41610,0,1,1,0,1,1,0,1,1
436360258,41700,0,1,0,0,1,1,0,1,1
436360363,41812,0,1,0,0,1,1,0,1,1
436360464,41908,0,1,1,0,1,1,0,1,1
436360566,42019,0,1,1,0,1,1,0,1,1
436360670,42117,0,1,1,0,1,1,0,1,1
436360771,42203,0,1,1,0,1,1,0,1,1
436360872,42320,0,0,1,0,1,1,0,1,1
436360974,42422,0,0,1,0,1,1,0,1,1
436361075,42522,0,0,1,0,1,0,0,1,0
436361176,42629,0,0,1,1,1,0,1,1,0
436361278,42732,1,0,1,1,1,0,1,1,0
436361380,42813,1,0,1,1,1,0,1,1,0
436361485,42938,1,0,1,1,1,0,1,1,0
436361586,43039,1,0,0,1,1,0,1,1,0
436361688,43136,1,0,1,1,1,0,1,1,0
436361790,43243,1,0,1,1,1,0,1,1,0
436361891,43336,1,0,1,1,1,0,1,1,0
436361992,43445,1,0,1,1,1,0,1,1,0
436362095,43544,1,0,1,1,1,0,1,1,0
436362197,43649,1,0,0,1,1,0,1,1,0
436362298,43727,1,0,0,1,1,0,1,1,0
436362399,43835,1,0,0,1,0,0,1,1,0
436362503,43949,1,0,0,1,0,0,1,1,0
436362604,44052,1,0,0,1,0,1,1,1,0
436362705,44151,1,0,0,1,0,1,1,1,1
436362806,44260,1,0,0,1,0,1,1,1,1
436362907,44355,1,0,0,1,0,1,1,1,1
436363009,44446,1,0,0,1,0,0,1,1,0
436363110,44563,1,0,0,1,0,0,1,1,0
436363212,44663,1,0,0,1,0,0,1,1,0
436363313,44764,1,0,0,1,1,0,1,1,0
436363414,44860,1,0,0,1,1,0,1,1,0
436363515,44965,1,0,1,1,1,0,1,1,0
436363617,45061,1,0,1,1,1,0,1,1,0
436363720,45169,1,0,0,1,1,0,1,1,0
436363821,45273,1,0,0,1,1,0,1,1,0
436363922,45374,1,0,0,1,0,0,1,1,0
436364027,45468,1,0,0,1,0,1,1,1,1
436364130,45580,1,0,0,1,0,1,1,0,1
436364231,45683,1,0,0,1,0,1,1,0,1
436364332,45772,1,1,0,1,0,1,1,0,1
436364434,45884,1,1,0,1,0,1,1,0,1
436364536,45978,1,1,0,1,0,1,1,0,1
436364640,46081,1,1,0,1,0,1,1,0,1
436364741,46183,1,1,0,1,0,1,1,0,1
436364842,46287,1,1,0,1,0,1,1,0,1
436364945,46392,1,1,0,1,0,1,1,0,1
436365046,46500,1,1,0,1,0,1,1,0,1
436365148,46585,1,1,0,1,0,1,1,0,1
436365254,46700,1,1,0,1,0,1,1,0,1
436365357,46806,1,1,0,1,0,1,1,0,1
436365458,46903,1,1,0,1,0,1,1,0,1
436365560,47005,1,1,0,1,0,1,1,0,1
436365661,47114,1,1,0,1,0,1,1,0,1
436365764,47213,1,1,0,1,0,1,1,0,1
436365865,47311,1,1,0,1,0,1,1,0,1
436365966,47414,1,1,0,1,0,1,1,0,1
436366067,47517,1,1,0,1,0,1,1,0,1
436366169,47617,1,0,0,1,0,1,1,0,1
436366271,47724,1,0,0,1,0,1,1,0,1
436366372,47822,1,0,0,1,0,0,1,1,0
436366474,47923,1,0,1,1,1,0,1,1,0
436366575,48025,1,0,1,1,1,0,1,1,0
436366676,48124,0,0,1,1,1,0,1,1,0
436366778,48229,0,0,1,1,1,1,0,1,1
436366879,48331,0,0,1,0,1,1,0,1,1
436366982,48426,0,1,1,0,1,1,0,1,1
436367083,48536,0,1,1,0,1,1,0,1,1
436367184,48633,0,1,1,0,1,1,0,1,1
436367286,48733,0,1,1,0,1,1,0,1,1
436367388,48838,0,1,1,0,1,1,0,1,1
436367489,48942,0,1,1,0,1,1,0,1,1
436367590,49035,0,1,1,0,1,1,0,1,1
436367692,49139,0,1,1,0,1,1,0,1,1
436367795,49245,0,1,1,0,1,1,0,1,1
436367898,49351,0,1,1,0,1,1,0,1,1
436368000,49440,0,1,0,0,1,1,0,1,1
436368102,49546,0,1,0,0,0,1,0,1,1
436368204,49655,0,1,0,1,0,1,1,1,1
436368306,49757,0,1,0,1,0,1,1,1,1
436368407,49852,0,1,0,1,0,1,1,0,1
436368508,49958,1,1,0,1,0,1,1,0,1
436368610,50052,1,1,0,1,0,1,1,0,1
436368719,50166,1,1,0,1,0,1,1,0,1
436368821,50267,1,1,0,1,0,1,1,0,1
436368924,50377,1,1,0,1,0,1,1,0,1
436369025,50468,1,1,0,1,0,1,1,0,1
436369128,50576,1,1,0,1,0,1,1,0,1
436369229,50673,1,1,0,1,0,1,1,0,1
436369330,50769,1,1,0,1,0,1,1,0,1
436369433,50869,1,1,0,1,0,1,1,0,1
436369534,50984,1,1,0,1,0,1,1,0,1
436369636,51084,1,1,0,1,0,1,1,0,1
436369738,51186,1,1,0,1,0,1,1,0,1
436369839,51292,1,1,0,1,0,1,1,0,1
436369940,51380,1,1,0,1,0,1,1,0,1
436370042,51480,1,1,0,1,0,1,1,0,1
436370144,51586,1,1,0,1,0,1,1,0,1
436370248,51694,1,1,0,1,0,1,1,0,1
436370362,51807,0,1,0,1,0,1,1,0,1
436370467,51900,0,1,0,1,0,1,1,0,1
436370569,52007,0,1,0,1,0,1,1,0,1
436370671,52115,0,1,0,1,0,1,1,1,1
436370772,52222,0,1,0,1,0,1,1,1,1
436370873,52316,0,1,0,1,0,1,1,1,1
436370975,52420,0,1,0,1,0,1,1,1,1
436371081,52496,0,1,0,1,0,1,1,1,1
436371182,52630,0,1,0,1,0,1,1,0,1
436371283,52735,0,1,0,1,0,1,1,0,1
436371384,52835,0,1,0,1,0,1,1,0,1
436371485,52918,1,1,0,1,0,1,1,0,1
436371586,53040,1,1,0,1,0,1,1,0,1
436371687,53131,1,1,0,1,0,1,1,0,1
436371789,53240,1,1,0,1,0,1,1,0,1
436371890,53323,1,1,0,1,0,1,1,0,1
436371991,53437,1,1,0,1,0,1,1,0,1
436372092,53546,1,1,0,1,0,1,1,0,1
436372200,53637,0,1,0,1,0,1,1,0,1
436372301,53750,0,1,0,1,0,1,1,0,1
436372404,53854,0,1,0,1,0,1,1,0,1
436372505,53955,0,1,0,1,0,1,1,0,1
436372606,54052,0,1,0,1,0,1,1,0,1
436372709,54159,0,1,0,1,0,1,1,1,1
436372810,54255,0,1,0,1,0,1,1,1,1
436372911,54359,0,1,0,1,0,1,1,1,1
436373012,54457,0,1,0,1,0,1,1,1,1
436373114,54566,0,1,0,1,0,1,1,1,1
436373215,54656,0,1,0,1,0,1,0,1,1
436373316,54762,0,1,0,0,0,1,0,1,1
436373417,54868,0,1,1,0,1,1,0,1,1
436373518,54969,0,1,1,0,1,1,0,1,1
436373619,55072,0,1,1,0,1,1,0,1,1
436373721,55171,0,0,1,0,1,1,0,1,1
436373822,55267,0,0,1,1,1,1,0,1,1
436373923,55361,0,0,1,1,1,1,0,1,1
436374024,55471,0,0,1,1,1,1,1,1,0
436374126,55571,0,0,1,1,1,0,1,1,0
436374227,55668,0,0,1,1,1,0,1,1,0
436374330,55771,1,0,1,1,1,0,1,1,0
436374431,55879,1,0,1,1,1,0,1,1,0
436374533,55984,1,0,1,1,1,0,1,1,0
436374634,56076,1,0,1,1,1,0,1,1,0
436374740,56190,1,0,1,1,1,0,1,1,0
436374842,56294,0,0,1,1,1,0,1,1,0
436374943,56387,0,0,1,1,1,0,1,1,0
436375045,56486,0,0,1,1,1,0,1,1,0
436375146,56597,0,0,1,1,1,0,1,1,0
436375249,56699,0,0,1,1,1,0,1,1,0
436375350,56795,1,0,1,1,1,0,1,1,0
436375453,56895,1,0,1,1,1,0,1,1,0
436375559,57009,0,0,1,1,1,1,0,1,1
436375660,57110,0,0,1,1,1,1,0,1,0
436375763,57209,0,0,1,1,1,0,1,1,0
436375864,57316,0,0,1,1,1,0,1,1,0
436375966,57411,0,0,1,1,1,0,1,1,0
436376067,57520,0,0,1,1,1,0,1,1,0
436376171,57621,0,0,1,1,1,1,1,1,1
436376275,57726,0,0,1,1,1,1,0,1,1
436376376,57823,0,0,1,0,1,1,0,1,1
436376479,57919,0,0,1,0,1,1,0,1,1
436376583,58019,0,0,1,0,1,1,0,1,1
436376686,58139,0,0,1,0,1,1,0,1,1
436376791,58226,0,0,1,0,1,1,0,1,1
436376892,58331,0,0,1,0,1,1,0,1,1
436376993,58432,0,0,1,0,1,1,0,1,1
436377095,58546,0,0,1,0,1,1,0,1,1
436377198,58633,0,0,1,0,1,1,0,1,1
436377302,58694,0,0,1,0,1,1,0,1,1
436377408,58839,0,0,1,0,1,1,0,1,1
436377510,58905,0,0,1,0,1,1,0,1,1
436377614,59048,0,0,1,0,1,1,0,1,1
436377717,59125,0,0,1,1,1,1,1,1,1
436377821,59262,0,0,1,1,1,1,1,1,1
436377922,59325,0,0,1,1,1,1,1,1,1
436378024,59476,0,0,1,1,1,1,1,1,1
436378125,59568,0,0,1,1,1,1,1,1,1
436378226,59679,0,0,1,1,1,1,1,1,1
436378329,59773,0,0,1,1,1,1,1,1,1
436378431,59881,0,0,1,1,1,1,1,1,1
436378532,59980,0,0,1,1,1,1,1,1,1
436378633,60042,0,0,1,1,1,1,0,1,1
